rule_id,rule_name,description,implemented_in,function,n8n_node,affected_inputs,expected_result,criticality,tests,duplicated,duplicate_locations,risk_if_changed,evidence_type,evidence_location,notes
BR-001,REGLA A - Exclusion ALQUILERES,"Toda linea CI cuya columna BANCO indique ALQUILERES se excluye del asiento, del universo de cuadre y de toda validacion de cuenta/asignacion/formato; se conserva por separado agrupada por SFC para ajustar el HABER.",motor_tiquipaya.py,validar_ci(),N/A (no hay nodo n8n propio; corre dentro de EJECUTAR - Motor Python),cierre['comunicaciones_internas'][*].banco/importe,alquileres excluidos de asiento; HABER SFCxxx = TOTAL SFCxxx - ALQUILERES de ese SFC,CRITICA,"tests/test_cruces.py, tests/test_asiento.py",NO,,"ALTO: si se relaja, se generarian partidas ALQUILERES en el asiento (viola REGLA A explicita) o el cuadre incluiria un universo distinto",CONFIRMADO_POR_CODIGO,"motor_tiquipaya.py:377-458,809-822",
BR-002,REGLA B - Comision ATC Tiquipaya (110201003 vs 110201008),La cuenta 110201003 NO esta prohibida globalmente; solo es invalida cuando la PARTIDA tiene origen ATC_COMISION (debe usar 110201008). Una CI legitima puede usar 110201003 sin problema.,"motor_tiquipaya.py, sap_writer.py","_validar_partidas() [motor], _validar_precondiciones() [sap_writer]",N/A,partida.origen + partida.cuenta_mayor,ATC_COMISION_CUENTA_INVALIDA si origen=ATC_COMISION y cuenta!=110201008; ATC_COMISION_CUENTA_PROHIBIDA en sap_writer como defensa adicional,CRITICA,"tests/test_asiento.py, tests/test_sap.py","SI (intencional, defensa en profundidad)","motor_tiquipaya.py:1012-1013; sap_writer.py:68-72,182-183","MUY_ALTO: si se ampliara la prohibicion a NIVEL DE CUENTA (cualquier partida con 110201003), bloquearia incorrectamente CI legitimas que usan esa cuenta",CONFIRMADO_POR_MULTIPLES_FUENTES,motor_tiquipaya.py; sap_writer.py; HANDOFF s10 texto de la auditoria,"Verificado explicitamente: NO esta implementada de forma excesivamente amplia (la prohibicion se filtra siempre por origen=='ATC_COMISION', nunca por la sola presencia de la cuenta)."
BR-003,REGLA C - Correcciones autorizadas (campos permitidos),Solo son corregibles: CI.cuenta_contable/asignacion; VOUCHER.codigo_informado (solo entre candidatos ya propuestos por el motor); ATC.*_cuenta_contable/*_asignacion (solo modo PRECONCILIADO). Ningun importe es corregible jamas.,correcciones_tiquipaya.py,"CAMPOS_CORREGIBLES, validar_schema_correccion(), _validar_candidato_voucher()",n8n: FASE3 - Webhook POST corregir / Campos corregibles (Python),correccion.categoria/campo_corregido/valor_autorizado,ValueError CORRECCION_CAMPO_NO_CORREGIBLE si el campo no esta en la lista; CORRECCION_CANDIDATO_INVALIDO si el VOUCHER no es uno de los candidatos propuestos,CRITICA,tests/test_correcciones_tiquipaya.py (17 tests),NO,,MUY_ALTO: permitir corregir un importe romperia el principio de que el motor Python es la unica autoridad contable determinística,CONFIRMADO_POR_CODIGO,correcciones_tiquipaya.py:75-96,"HANDOFF_CODE_V2.md s16.3 (doc) incluye 'glosa' como corregible para CI; el CODIGO (fuente real, la que consulta n8n) NO lo incluye. Ver V2_RISKS.csv/hallazgo de documentacion."
BR-004,REGLA D - Original .xlsm inmutable,El archivo CIERRE .xlsm original nunca se abre en modo escritura ni se modifica; toda correccion se aplica EN MEMORIA sobre una copia profunda (deepcopy) de lo ya leido.,"excel_io.py, correcciones_tiquipaya.py","leer_cierre() (siempre read_only=True), aplicar_correccion_en_memoria() (deepcopy)",N/A,cierre (dict) leido por excel_io.py,cierre_corregido es una copia; el .xlsm en disco permanece byte-identico,CRITICA,"tests/test_correcciones_tiquipaya.py, tests/test_pipeline_tiquipaya.py",NO,,"MUY_ALTO: si se abriera en modo escritura, se perderia la trazabilidad/reproducibilidad del original y violaria un principio de auditoria contable",CONFIRMADO_POR_CODIGO,excel_io.py:404-419; correcciones_tiquipaya.py:334-376,
BR-005,REGLA D-extendida - Plantilla SAP / SAP diarios inmutables,"La plantilla SAP maestra nunca se abre en modo escritura (se copia con shutil.copyfile); los SAP diarios ya validados se abren SIEMPRE read_only=True,data_only=True en consolidador_mensual.py/control_asignaciones.py/control_cxc_cxp.py.","sap_writer.py, consolidador_mensual.py, control_asignaciones.py, control_cxc_cxp.py","generar_sap() (verifica hash antes/despues), leer_partidas_global() en cada CONTROL",N/A,"ruta_plantilla, ruta_global",hash de la plantilla identico antes/despues; PLANTILLA_ORIGINAL_MODIFICADA si no,CRITICA,"tests/test_sap.py, tests/test_consolidador_mensual.py, tests/test_control_asignaciones.py, tests/test_control_cxc_cxp.py",NO,,MUY_ALTO,CONFIRMADO_POR_MULTIPLES_FUENTES,sap_writer.py:256-278; HANDOFF s13-15,
BR-006,REGLA E - Idempotencia por SHA256,El HashOrigen (SHA256 del .xlsm) es la UNICA llave de idempotencia; el nombre de archivo nunca es suficiente. PROCESADO_<SHA256>.json es el control autoritativo en produccion (CSV es legacy/fallback).,"pipeline_tiquipaya.py, run_batch.py","calcular_sha256(), nombre_marcador_procesado(), cargar_marcadores_procesados()","N/A (Google Drive nodes materializan los marcadores, Python solo los lee/construye)",ruta_cierre (archivo),YA_PROCESADO si el hash ya figura con Estado=PROCESADO en marcadores o CSV,CRITICA,"tests/test_pipeline_tiquipaya.py, tests/test_run_batch.py, tests/test_batch.py",NO,,MUY_ALTO: sin esto se podria reprocesar/republicar un cierre duplicando el asiento contable,CONFIRMADO_POR_CODIGO,"pipeline_tiquipaya.py:76-84,490-541; run_batch.py:189-262",
BR-007,REGLA F - Procesar y publicar son responsabilidades separadas,"procesar_cierre_completo() NUNCA marca PROCESADO ni publica nada; el marcador PROCESADO_<SHA256>.json solo se construye tras 4 confirmaciones explicitas externas (SAP publicado por usuario, SAP verificado en Drive, resultado publicado, cierre movido). Un cierre BLOQUEADO/ERROR nunca llega a publicacion.",pipeline_tiquipaya.py,construir_marcador_procesado(),n8n: CONFIRMAR - Aprobacion del auditor (Wait+Form) + rama de publicacion (BUSCAR/SUBIR/MOVER Drive),las 4 confirmaciones booleanas,ValueError MARCADOR_NO_AUTORIZADO si falta alguna,CRITICA,"tests/test_pipeline_tiquipaya.py, tests/test_publicar_cierre.py",NO,,MUY_ALTO: es el control que impide publicar automaticamente un cierre que requiere revision humana,CONFIRMADO_POR_MULTIPLES_FUENTES,pipeline_tiquipaya.py:498-541; n8n workflow LkS0RHu9KEbHCR4p (rama OK->CONFIRMAR->publicacion),"En el wiring n8n del POC, las 4 confirmaciones se pasan hardcodeadas 'true' en el Execute Command porque la rama solo llega ahi si SUBIR SAP/SUBIR RESULTADO/MOVER ya tuvieron exito (n8n detiene la rama en el primer fallo). Ver V2_RISKS.csv."
BR-008,REGLA G - Busqueda EXACTA del cierre en Drive (incidente real corregido),"Al buscar el cierre del dia en 00_ENTRADA_CIERRES/04_SALIDAS/03_PROCESADOS, una coincidencia exacta usa ese ID; 0 coincidencias -> CIERRE_NO_LOCALIZADO_EN_00_ENTRADA; >1 coincidencia exacta -> CIERRE_AMBIGUO_EN_00_ENTRADA. NUNCA se toma el primer resultado de una busqueda con multiples coincidencias.",n8n (Google Drive 'search'/'list' + IF/Switch posteriores),"N/A (logica de nodos, no Python)",BUSCAR - Cierre del dia en Drive; BUSCAR - Carpeta del mes en 04_SALIDAS/03_PROCESADOS; FASE3 - Buscar cierre en 00_ENTRADA_CIERRES (publicar),nombre de archivo buscado en Drive,"exactamente 1 coincidencia -> continua; 0 o >1 -> estado explicito, nunca 'primer resultado'",CRITICA,"Sin test automatizado (logica vive en n8n, no en Python; no hay harness de test para nodos n8n en este repo)",NO,,MUY_ALTO: reintroducir 'tomar el primer resultado' repetiria el incidente real documentado (cierre 09 tomado en vez del correcto entre 11/10/09),REQUIERE_VALIDACION_HUMANA,n8n workflow LkS0RHu9KEbHCR4p (nodos BUSCAR-*/IF-* de Google Drive); no se pudo leer el parametro exacto del filtro Drive en esta pasada de auditoria,"La existencia de la regla esta confirmada por el propio contexto de la auditoria (incidente real) y por la estructura de nodos IF inmediatamente despues de cada BUSCAR en el workflow; el detalle EXACTO del filtro/expresion de cada nodo Google Drive no fue releido linea por linea en esta pasada (ver limitaciones en V2_SYSTEM_MAP.md). Clasificado REQUIERE_VALIDACION_HUMANA por esa razon, no porque haya evidencia de que la regla NO este implementada."
BR-009,Autocorreccion VOUCHER: 0<->O si y AUTOCORRECCION_0_O,"Unica autocorreccion automatica permitida: intercambiar digito '0' por letra 'O' (o viceversa) en el codigo de asignacion del voucher, solo si produce UN candidato inequivoco con importe exacto.",motor_tiquipaya.py,"_variantes_0_o(), _clasificar_voucher()",N/A,codigo_informado del deposito,AUTOCORRECCION_0_O si 1 candidato; MULTIPLE si >1,ALTA,tests/test_cruces.py,NO,,ALTO,CONFIRMADO_POR_CODIGO,motor_tiquipaya.py:62-143,
BR-010,POSIBLE_TYPO: O<->P y similares NUNCA autocorrigen,Un codigo con distancia de Hamming 1-2 (excluyendo el caso 0<->O ya cubierto) contra un candidato de igual importe se marca POSIBLE_TYPO y queda bloqueante: nunca se autocorrige.,motor_tiquipaya.py,"_clasificar_voucher() paso 3, _hamming_o_none()",N/A,codigo_informado,"POSIBLE_TYPO (bloqueante, requiere revision humana via correccion)",ALTA,tests/test_cruces.py,NO,,MUY_ALTO: autocorregir aqui automaticamente introduciria riesgo de asignar un pago al codigo equivocado sin intervencion humana,CONFIRMADO_POR_CODIGO,motor_tiquipaya.py:145-162,
BR-011,ATC NETO<->MACROS: fecha bancaria nunca ANTERIOR a la fecha de cierre,"En modo LEGADO, el NETO ATC se busca en MACROS por importe exacto + fecha bancaria >= fecha de cierre (fechas posteriores validas); sin ventana arbitraria de dias.",motor_tiquipaya.py,cruzar_atc(),N/A,"atc_idx, macros_idx",ATC_SIN_CANDIDATO / ATC_MULTIPLE / match unico,ALTA,tests/test_cruces.py,NO,,ALTO,CONFIRMADO_POR_CODIGO,motor_tiquipaya.py:261-281,
BR-012,ATC PRECONCILIADO: nunca se cruza contra MACROS,"Cuando el maestro trae la hoja 'ATC TIQUIPAYA', cuenta/detalle/monto/asignacion del NETO y COMISION se toman literales; unico control es NETO+COMISION=BRUTO.","excel_io.py, motor_tiquipaya.py","leer_atc_mensual() (deteccion de modo), cruzar_atc_preconciliado()",N/A,hoja ATC TIQUIPAYA del maestro,asignacion 'REVISAR' se conserva literal + advertencia (no bloqueante),ALTA,tests/test_atc_preconciliado.py,NO,,ALTO,CONFIRMADO_POR_CODIGO,excel_io.py:568-610; motor_tiquipaya.py:301-365,
BR-013,CI: fecha_valor y texto_posicion nunca inventados,"CI: fecha_valor viene de FECHA2 (autoritativa, con fallback a variantes viejas SOLO si no hay FECHA2); texto_posicion viene literal de GLOSA ASIENTO COMUNICACIONES INTERNAS, nunca reconstruido desde N° DE FACTURA.","excel_io.py, motor_tiquipaya.py","_leer_comunicaciones_internas(), construir_asiento()",N/A,columnas GLOSA.../FECHA2 de la hoja CI,partida CI con texto_posicion/fecha_valor literales de esas columnas,ALTA,tests/test_texto_posicion_fecha_valor.py,NO,,ALTO,CONFIRMADO_POR_CODIGO,excel_io.py:264-359; motor_tiquipaya.py:1148-1160,
BR-014,VOUCHER: fecha_valor y texto_posicion desde FECHA DE DEPOSITO (nunca fecha bancaria MACROS),"fecha_valor y texto_posicion ('DEPOSITO BNB DD/MM/YYYY') del VOUCHER usan la fecha PROPIA del deposito, nunca la fecha bancaria encontrada en MACROS.",motor_tiquipaya.py,"_texto_voucher(), construir_asiento()",N/A,dep.fecha_deposito,texto_posicion/fecha_valor derivados de FECHA DE DEPOSITO,ALTA,tests/test_texto_posicion_fecha_valor.py,NO,,ALTO,CONFIRMADO_POR_CODIGO,"motor_tiquipaya.py:951-958,1126-1139",
BR-015,"Fallback fecha_valor = fecha del cierre (ETAPA 8, supersede regla previa)","Toda partida SIN fecha real propia (HABER SFC101/SFC102, ATC sin fecha bancaria, DOLARES) recibe como fecha_valor la fecha del cierre; una fecha real existente NUNCA se reemplaza.",motor_tiquipaya.py,construir_asiento() (loop final de fecha_valor),N/A,partidas sin fecha_valor propia,fecha_valor = fecha_cierre solo si estaba vacio,ALTA,"tests/test_etapa8_ajustes.py, test_asiento.py",NO,,MEDIO,CONFIRMADO_POR_CODIGO,motor_tiquipaya.py:1204-1213,
BR-016,"USD/DOLARES: partida DEBE unica, sin conciliar contra banco (post-ETAPA 8)","DOLARES>0.00 genera una unica partida DEBE cuenta 110101010 'Caja M/E', sin asignacion, fecha_valor=fecha del cierre. Ya NO bloquea (supersede USD_CUENTA_PENDIENTE descartada).",motor_tiquipaya.py,"construir_asiento() (bloque DOLARES), calcular_componentes()",N/A,cierre.sfc10x.dolares,partida DOLARES si >0; ninguna si =0.00,ALTA,tests/test_usd_caja_me.py,NO,,ALTO,CONFIRMADO_POR_CODIGO,"motor_tiquipaya.py:917-933,1193-1202; HANDOFF s11",
BR-017,_validar_partidas: cuenta esperada por origen (defensa en profundidad),"Cada tipo de partida debe usar su cuenta contable esperada (HABER=110101001, VOUCHER/ATC_NETO=110103012, ATC_COMISION=110201008, DOLARES=110101010); si no, el asiento entero pasa a ERROR con partidas=[] (nunca partidas invalidas utilizables).",motor_tiquipaya.py,_validar_partidas(),N/A,partidas construidas,asiento.estado=ERROR y partidas=[] si hay cualquier problema,CRITICA,tests/test_asiento.py,"SI (defensiva, repetida en sap_writer)","sap_writer.py:68-72,182-183",MUY_ALTO,CONFIRMADO_POR_CODIGO,"motor_tiquipaya.py:917-921,978-1017",
BR-018,CONTROL 1: exclusiones fijas de duplicados de Asignacion,"Nunca se marca duplicado: SFC101, SFC102, 'TIQUIPAYA <MES>' (12 abreviaturas oficiales), y CUALQUIER partida con cuenta_mayor==110201008 (exclusion POR CUENTA, sin importar el texto de Asignacion). FORTALEZA SIEMPRE se evalua (no esta excluida).",control_asignaciones.py,es_excluida(),"N/A (Skill externa auditor-caja-tiquipaya, fuera de este repo)","asignacion, cuenta_mayor de cada partida del GLOBAL",partida excluida de deteccion de duplicados si aplica alguna de las 4 reglas,ALTA,tests/test_control_asignaciones.py,NO,,ALTO,CONFIRMADO_POR_MULTIPLES_FUENTES,"control_asignaciones.py:159-166,319-332; HANDOFF s14",
BR-019,"CONTROL 1: correccion del GLOBAL solo tras validacion humana 100%, todo-o-nada","El GLOBAL es solo lectura mientras haya alertas sin validar; la correccion (columna R unicamente) solo se aplica cuando TODAS las alertas del periodo estan resueltas (CORRECTA/INCORRECTA), verificando antes que cada celda siga igual al valor original; si una sola verificacion falla, no se aplica ninguna.",control_asignaciones.py,"aplicar_correcciones_global(), ejecutar_control()",N/A,REVISION_ASIGNACIONES_<PERIODO>.xlsx o --revision-json,"GLOBAL corregido solo en columna R, o CorreccionInvalidaError sin escribir nada",CRITICA,tests/test_control_asignaciones.py (64 tests),NO,,MUY_ALTO,CONFIRMADO_POR_MULTIPLES_FUENTES,control_asignaciones.py:377-414; HANDOFF s14,
BR-020,CONTROL 3: idempotencia PENDIENTE->APLICADO por periodo+SHA (no por campos mutables),La idempotencia de un periodo NUNCA se decide con sha256_global_ultimo/periodo_ultimo_movimiento (mutables); se usa exclusivamente HISTORICO_CXC_CXP_PERIODOS.json con transaccion de 2 fases. Bug real ya corregido: un movimiento posterior de la misma llave en otro periodo ya no puede hacer reacumular un periodo antiguo.,control_cxc_cxp.py,"_estado_idempotencia(), _historico_ya_refleja_periodo()",N/A,"periodo, sha256_global",YA_PROCESADO_SIN_CAMBIOS / GLOBAL_MODIFICADO_REQUIERE_REVISION / reprocesa,CRITICA,tests/test_control_cxc_cxp.py::TestConsistenciaHistoricoPeriodos (5 tests),NO,,MUY_ALTO,CONFIRMADO_POR_MULTIPLES_FUENTES,control_cxc_cxp.py:604-673; HANDOFF s15,Documentado explicitamente en HANDOFF como bug real detectado y corregido (AGOSTO se reacumulaba tras un movimiento de SEPTIEMBRE): valioso como caso de regresion critico a NUNCA revertir en V3.
BR-021,CONTROL 3: cierre manual por auditor via OBSERVACION_AUDITOR,"Un texto que EMPIEZA con 'CERRADO MANUALMENTE' (case-insensitive, tolerante a tildes solo para comparar) marca la llave como cerrada manualmente sin alterar el saldo contable real; cualquier movimiento posterior la reabre forzando REVISAR.",control_cxc_cxp.py,"_es_cierre_manual(), aplicar_observaciones()",N/A,OBSERVACION_AUDITOR,cierre_manual='SI' + ESTADO mostrado='CERRADO MANUALMENTE'; reaparece con REVISAR forzado si hay movimiento posterior,ALTA,tests/test_control_cxc_cxp.py::TestCierreManual (8 tests),NO,,ALTO,CONFIRMADO_POR_MULTIPLES_FUENTES,control_cxc_cxp.py:997-1034(aprox); HANDOFF s15,
BR-022,Marcadores PROCESADO: migracion de ubicacion sin romper legacy,Los marcadores nuevos DEBEN ir en 05_CONTROLES/MARCADORES_PROCESAMIENTO/; la raiz de 05_CONTROLES/ queda solo como FALLBACK de lectura de marcadores legacy (nunca se borran/mueven automaticamente). Un mismo hash en ambos lugares nunca se cuenta dos veces.,run_batch.py,"cargar_marcadores_procesados(), _cargar_marcadores_de_directorio()",N/A,"--controles-dir, --marcadores-dir",set unico de hashes_procesados sin duplicados entre ubicaciones,ALTA,tests/test_run_batch.py,NO,,MEDIO,CONFIRMADO_POR_CODIGO,run_batch.py:189-262; HANDOFF s12,
BR-023,Rango de batch nunca cruza mes,"run_batch.py exige que fecha_inicio y fecha_fin pertenezcan al mismo mes; si cruzan, se detiene con RANGO_CRUZA_MES sin combinar maestros mensuales distintos.",run_batch.py,generar_rango_fechas(),N/A,--fecha-inicio/--fecha-fin,RuntimeError/ValueError RANGO_CRUZA_MES,ALTA,tests/test_run_batch.py,NO,,MEDIO,CONFIRMADO_POR_CODIGO,run_batch.py:61-84,
BR-024,Correccion: cierre YA_PUBLICADO nunca admite correccion nueva,"Si el HashOrigen del cierre ya tiene un marcador PROCESADO_<hash>.json, tanto pipeline.procesar_cierre_con_correccion() como aplicar_correccion.py rechazan cualquier correccion nueva con CIERRE_YA_PUBLICADO_NO_CORREGIBLE.","pipeline_tiquipaya.py, aplicar_correccion.py","procesar_cierre_con_correccion(), main()",n8n: FASE3 - Ejecutar aplicar_correccion.py (via --controles-dir),ya_publicado (bool),ValueError/salida ERROR CIERRE_YA_PUBLICADO_NO_CORREGIBLE,CRITICA,tests/test_correcciones_tiquipaya.py,NO,,MUY_ALTO,CONFIRMADO_POR_CODIGO,pipeline_tiquipaya.py:608-612; aplicar_correccion.py:220-238,
BR-025,version_correccion: hash determinístico de la decision (no de metadata),"version_correccion = SHA256 de {categoria,tipo,identificadores,campo_corregido,valor_autorizado} exclusivamente; motivo/usuario_auditor/fecha_hora NUNCA entran al hash (son metadata de auditoria, no la decision).",correcciones_tiquipaya.py,calcular_version_correccion(),N/A,los 5 campos de _CAMPOS_VERSION,"mismo hash para la misma decision exacta, independientemente de quien/cuando la autorizo",ALTA,tests/test_correcciones_tiquipaya.py,NO,,ALTO,CONFIRMADO_POR_CODIGO,correcciones_tiquipaya.py:97-117,
BR-026,Publicacion multiple (FASE 3 Parte A): batch_token como control de concurrencia optimista,"Antes de publicar en lote, se recalcula el SHA256 de resultado_batch.json y se compara contra el batch_token que el frontend recibio al cargar /datos; si no coincide, BATCH_DESACTUALIZADO y no se publica nada.",n8n (Execute Command + Code),"N/A (logica en n8n, no Python)","FASE3 - Calcular batch_token actual (publicar), FASE3 - Validar batch_token (publicar), IF - Batch token coincide (publicar)",resultado_batch.json en disco vs batch_token recibido,BATCH_DESACTUALIZADO si no coincide,ALTA,Sin test automatizado (logica en n8n),NO,,ALTO,CONFIRMADO_POR_N8N,"n8n workflow LkS0RHu9KEbHCR4p, nodos FASE3 - *batch_token*",
